"","Cast_ID","Month","Location","Instrument_Time","Long","Lat","Mean_Pressure","Mean_Salinity","Mean_Temperature","Mean_Conductivity","Mean_Chloro","Mean_Turbidity","Mean_Par","Mean_DO","SD_Pressure","SD_Salinity","SD_Temperature","SD_Conductivity","SD_Chloro","SD_Turbidity","SD_Par","SD_DO","Min_Pressure","Min_Salinity","Min_Temperature","Min_Conductivity","Min_Chloro","Min_Turbidity","Min_Par","Min_DO","Max_Pressure","Max_Salinity","Max_Temperature","Max_Conductivity","Max_Chloro","Max_Turbidity","Max_Par","Max_DO"
"1","20230221_BI_2","February","Buck Island",1899-12-31 11:46:00,-64.89856,18.27847,4.03985753424658,35.9830595890411,26.2683805479452,5.57557181506849,0.0116335616438356,0.325251917808219,291.780246575342,6.7060198630137,0.0400302000000002,0.0833221199999954,0.110379570000001,0.000560422799999984,0.0163086,0.00919212000000006,17.427963,0.0149001299999995,3.169,35.6091,26.0995,5.57433,-0.0117,0.2956,268.24,6.6573,4.166,36.1078,26.7667,5.577412,0.0473,0.3635,313.36,6.7549
"2","20230221_BI","February","Buck Island",1899-12-31 11:28:00,64.89735,18.27916,3.21115773508595,36.1031453993933,26.0949810920121,5.57335198988878,0.0176576339737108,0.324691203235592,160.520940343782,6.71963953488372,0.0548561999999999,0.00074130000000354,0.00681995999999991,0.000656791799999628,0.0163086,0.00800604000000002,12.261102,0.0123055800000003,2.403,36.0954,26.0839,5.571764,-0.0014,0.3078,129.81,6.6891,3.388,36.1058,26.1029,5.574342,0.0466,0.3637,195.03,6.7446
"3","20230221_BP_2","February","Black Point",1899-12-31 13:47:00,-64.98606,18.34435,4.17751567498401,35.9259792573624,26.0268694817658,5.54176612612036,0.037203134996801,0.378554958413308,831.17060140755,6.72552445582586,0.0207564000000003,0.081691259999994,0.115791060000004,0.00126391649999956,0.01616034,0.0176429399999999,304.82256,0.0195703200000005,3.254,35.4842,25.8457,5.534313,-1e-04,0.3446,173.43,4.8553,4.25,36.0696,26.6132,5.546213,0.0707,0.8583,1902.8,6.9153
"4","20230221_BP","February","Black Point",1899-12-31 13:41:00,-64.98606,18.34408,4.70096714579055,36.0553758213552,25.8639757700205,5.54199595482546,0.0426482032854209,0.36673295687885,130.254541067762,6.88713762833676,0.0311345999999999,0.000593039999998618,0.00711647999999922,0.000729439200000565,0.01616034,0.00963690000000001,7.23508799999999,0.0127503599999993,3.796,36.0523,25.8515,5.540545,0.0102,0.3382,98.405,6.8419,4.794,36.0587,25.884,5.544221,0.0803,0.4648,147.78,6.9135
"5","20230221_CC","February","Cow and Calf",1899-12-31 10:33:00,-64.84608,18.30502,3.99656962025316,36.080544047619,25.9836409863946,5.55829187932489,0.036722194092827,0.374342362869198,204.516990701606,6.88060808510638,0.1512252,0.000296519999999309,0.00355824000000224,0.000394371600001135,0.01527078,0.01868076,14.069874,0.0220907400000012,3.736,35.9748,25.9707,5.557055,-1e-04,0.338,147.3,6.8323,4.734,36.0829,26.1288,5.559482,0.0906,0.4774,234.13,6.9401
"6","20230221_Dock","February","Dock soak",1899-12-31 09:18:00,NA,NA,1.30889429928741,35.708956175772,25.6331213380839,5.4698429239905,0.142688875692795,0.484981068154643,266.215510688836,6.00912759303246,0.0311345999999999,0.157748639999996,0.17613288,0.00360790709999997,0.01527078,0.04269888,98.355684,0.0442556100000002,0.592,26.557,25.2449,4.216121,0.0988,0.4172,161.12,3.6994,1.59,36.0449,26.3787,5.490721,0.1963,0.6303,518.2,7.9756
"7","20230221_FCA","February","Flat Cay Acropora",1899-12-31 12:39:00,-64.98842,18.31682,2.03666427931961,36.0628770609319,25.9202435989257,5.54896099462366,0.00958003581020591,0.334213607878245,237.059310653536,6.86989274193548,0.0237216,0.000593040000009152,0.00607866000000163,0.000982222499999686,0.01319514,0.00904385999999999,12.201798,0.0304674300000001,1.173,36.0591,25.9075,5.547658,-0.0207,0.3141,195.7,4.4448,2.172,36.0796,25.9378,5.550563,0.0363,0.3576,375.7,7.1786
"8","20230221_FCT","February","Flat Cay",1899-12-31 12:57:00,-64.99107,18.31816,3.57587462082912,36.0597606673407,25.9444083923155,5.55120485844287,0.0591627906976744,0.336291304347826,238.954196157735,6.81662012133468,0.0311345999999999,0.000593039999998618,0.00296519999999836,0.000456640799999304,0.0163086,0.00919211999999998,12.542796,0.0111194999999991,2.682,36.0582,25.9396,5.550552,0.0226,0.3082,202.86,6.7908,3.679,36.0612,25.9489,5.551782,0.0919,0.3756,273.75,6.8526
"9","20230221_RR","February","Ruperts Rock",1899-12-31 12:03:00,-64.92591,18.32716,3.60852711223203,35.7998689393939,26.0570766414141,5.52769645649433,0.111141866330391,0.617460277427491,289.180844892812,6.83797462121212,0.0177912,0.145072409999996,0.193034519999995,0.000794673600000466,0.01616034,0.0275763600000001,10.363374,0.0246852900000004,2.715,35.3475,25.702,5.525856,0.0775,0.5256,268.53,6.7761,3.699,36.0673,26.6629,5.533764,0.1455,0.8254,309.04,6.9278
"10","20230221_SB","February","Saba",1899-12-31 13:20:00,-64.99653,18.30189,3.86206696035242,36.0604784140969,25.935568722467,5.55036356475771,0.0542573568281938,0.333682731277533,150.281718061674,6.85210766519824,0.0681996000000004,0.000296519999999309,0.0011860800000025,9.48864000000949e-05,0.0163086,0.00919212000000006,8.58425399999999,0.0130468800000012,3.046,36.0598,25.9326,5.55009,0.0233,0.3141,128.46,6.8197,4.029,36.0613,25.9376,5.550562,0.081,0.3886,175.05,6.8801
"11","20230221_SH","February","Seahorse",1899-12-31 10:58:00,-64.86768,18.29469,4.0912258934592,36.0827734569983,26.0368094403237,5.56432867082631,0.0310211732973702,0.317925994605529,239.275603506406,6.86911032040472,0.0711648000000001,0.000593040000009152,0.00266867999999905,0.000376580399999965,0.01527078,0.00904385999999999,14.611023,0.0111194999999991,3.304,36.081,26.0304,5.563549,-8e-04,0.2894,202.56,6.8292,4.295,36.0842,26.0422,5.564994,0.0686,0.5096,280.23,6.8944
"12","20230222_BadCast","February","EB Short Cast",1899-12-31 11:10:00,NA,NA,0.99109915356711,26.8720169902913,41.8644931076179,5.60129263713592,0.892525755743652,0.318903143893591,228.048610084643,-6.05125533980583,0.0192737999999999,2.54399334,5.70652740000001,0.0274555281000005,0.0163086,0.00934037999999996,8.55460200000002,0.806312009999999,0.112,12.3978,29.8322,3.00547,-0.4114,-0.3152,0.10554,-165.8631,1.108,33.5545,57.0085,5.807851,44.4005,0.6194,2962.9,7.3339
"13","20230222_CB","February","Coral Bay",1899-12-31 10:14:00,-64.70439,18.33802,3.97966167664671,35.8953017964072,26.0151745508982,5.53630952769461,0.172207110778443,0.719878068862275,408.327245508982,6.83677761976048,0.0348410999999998,0.0938485799999972,0.133656390000002,0.00106895459999996,0.01734642,0.02846592,103.648566,0.0237216,3.101,35.4498,25.7961,5.533791,0.1235,0.6472,239.52,6.7474,4.092,36.0522,26.596,5.539968,0.221,1.0489,1047.4,6.8943
"14","20230222_EB","February","Europa Bay",1899-12-31 11:14:00,-64.73115,18.31547,3.06992156862745,31.9932696078431,32.4513937254902,5.59504962352941,-0.00848620689655172,0.336535490196078,194.46668627451,6.43095352941176,0.1942206,3.09277773,4.87412163,0.0224072751,0.01423296,0.01593795,9.56277,0.3587892,2.648,24.756,23.0462,5.544722,-0.042,0.3144,173.54,5.3421,3.647,38.4216,47.0157,5.668634,0.015,0.4008,249.58,7.1729
"15","20230222_FB","February","Fish Bay",1899-12-31 12:20:00,-64.76469,18.31329,3.44306428571429,35.6604376436782,26.6870553008596,5.57582915616046,0.007987,0.338682857142857,234.3745,6.82861867816092,0.0763538999999998,0.155376479999996,0.212234189999998,0.00143886330000031,0.01423296,0.00963690000000001,17.450202,0.0603418199999996,2.65,33.8679,26.1436,5.572469,-0.0111,0.314,192.55,6.5841,3.645,36.0784,29.2034,5.585343,0.0356,0.3696,277.03,7.0115
"16","20230222_MB","February","Magens Bay",1899-12-31 14:05:00,-64.93467,18.37433,3.56989398958826,36.0302363377609,25.8918122390892,5.54150727591103,0.124132513014671,0.699726076668244,210.569151443445,7.4779465370019,0.0681995999999997,0.00222390000000008,0.0229802999999991,0.00258120659999999,0.06019356,0.08109822,87.76992,0.0527064300000003,2.768,35.3554,25.8085,5.532627,0.0322,0.4891,62.261,7.1164,3.767,36.0832,26.9538,5.565775,0.3762,1.5084,323.21,7.5826
"17","20230222_N_FB","February","Nemeth Fish Bay",1899-12-31 12:07:00,-64.7613,18.3155,2.6277455867082,35.6147951092612,26.6912579604579,5.56989764382139,-0.0120343717549325,0.343115160955348,433.555939771547,6.89434464099896,0.0415128,0.163085999999999,0.222389999999998,0.00167385539999958,0.01734642,0.01126776,155.702652,0.0238698599999997,1.762,32.5177,26.1285,5.565339,-0.145,0.2954,178.46,6.551,2.752,36.028,31.2207,5.589382,0.1029,0.4246,2296.3,7.0364
"18","20230222_RB","February","Reef Bay",1899-12-31 11:40:00,-64.7478,18.31937,2.55045896656535,35.7346380952381,26.548290070922,5.57120694934144,-0.0200970618034448,0.313072441742655,146.905298885512,6.80521621073961,0.0207563999999997,0.208601820000004,0.2713158,0.00141291779999997,0.01734642,0.00948863999999994,17.0499,0.02653854,1.64,34.7848,26.0722,5.566813,-0.0763,0.2716,105.15,6.7045,2.637,36.0856,27.8428,5.575628,0.048,0.3523,538.91,6.8691
"19","20230222_RBEO","February","Reef Bay East Outer",1899-12-31 11:22:00,-64.74002,18.31698,2.27376915005247,25.0352231899265,45.6500227701994,5.58512703252886,22.2759738719832,24.5106360965373,469.048940188877,-14.7505453305352,0.0489258000000005,1.52648496,3.83192795999999,0.0198801834000003,0.015270779999996,0.000593039999998618,48.673758,0.30333996,1.427,18.9337,27.0805,5.500846,22.2428,24.5062,169.27,-147.1735,2.418,34.8234,65.4803,5.679054,22.3114,24.5128,2427.7,6.7835
"20","20230222_RBWI","February","Reef Bay West Inner",1899-12-31 11:50:00,-64.74883,18.32119,2.88798156682028,35.6421905202312,26.7633812716763,5.58145428571429,-0.0235084101382488,0.306791589861751,171.049850230415,6.77606959537572,0.0481844999999996,0.173464199999996,0.229506480000002,0.00140995259999956,0.01527078,0.00874734000000002,17.64294,0.0241663800000003,2.05,33.6977,26.1711,5.577139,-0.044,0.2894,142.32,6.5569,3.031,36.0846,29.526,5.593683,0.0027,0.3209,303.61,6.8589
"21","20230222_RBWO","February","Reef Bay West Outer",1899-12-31 12:00:00,-64.95382,18.31686,3.49232142857143,35.904100965251,26.3410367760618,5.57249353185328,-0.0180965250965251,0.330644691119691,146.553117760618,6.91236505791506,0.0533736,0.0879181799999953,0.116754749999999,0.00076279769999996,0.01008168,0.00919211999999998,5.68577099999997,0.0257972400000005,2.702,35.4692,26.0906,5.567702,-0.0447,0.3013,129.81,6.8356,3.698,36.0881,26.9266,5.57518,0.0034,0.4003,161.61,7.0155
"22","20230222_THC","February","Thatch Cay",1899-12-31 13:32:00,-64.85423,18.35614,3.16289949385394,36.0793985538684,26.0525062906725,5.56551895589299,0.0774626174981923,0.436154880694143,554.430788141721,6.99940296456978,0.0237216,0.000444780000004231,0.00266867999999905,0.000303933000000345,0.0163086,0.01823598,114.323286,0.01467774,2.27,36.0759,26.0443,5.56462,0.0329,0.4055,280.84,6.957,3.26,36.082,26.0657,5.567041,0.1235,0.4957,2528,7.0453
"23","20230222_YP","February","Yawzi Point",1899-12-31 10:55:00,-64.72674,18.3152,3.88507686729514,31.1909176939811,33.5429447425671,5.57821964539521,0.00240877447425671,0.331862291515591,210.58216968818,5.76813937635968,0.0222390000000002,2.70959976,4.52089218,0.0191937396000005,0.00192738,0.00948864000000002,68.407164,0.32365158,2.964,22.9149,23.3089,5.534689,-0.0303,0.3088,85.079,-143.7682,3.952,38.1237,51.747,5.65931,0.0487,0.3891,2056.2,6.9588
"24","20230328_CB","March","Coral Bay",1899-12-31 10:41:00,-64.70423,18.37796,4.87544558521561,34.4597393737166,30.0483878850103,5.72942189117043,0.0942934291581109,0.692205287474333,493.086966119097,5.85967623203285,0.118608,2.64221559,3.71865732,0.0206859764999997,0.0163086,0.02698332,58.874046,0.36427482,4.233,23.7696,21.6386,5.686896,0.0562,0.6231,333.74,-140.7626,5.232,41.1456,51.7246,5.843944,0.1359,0.7582,1006.3,6.917
"25","20230328_Dock","March","Dock Soak",1899-12-31 08:47:00,NA,NA,1.66735891032917,33.4544612031782,30.7490048354143,5.64807760544835,0.0528101248581158,0.524575800227015,844.753570942111,5.71481704880817,0.0281694000000002,2.95497006,4.43994222,0.0238402079999995,0.02950374,0.03157938,324.09636,0.40445328,0.741,22.7585,21.1783,5.597005,-1e-04,0.4479,196.47,-138.1672,1.74,40.8759,54.1061,5.806339,0.1256,0.6926,3700.8,6.9466
"26","20230328_EB","March","Europa Bay",1899-12-31 11:42:00,-64.73103,18.31572,6.03463208241354,34.1217133186166,30.0238577630611,5.68182723546726,0.00726718175128771,0.404438778513613,139.621471670346,6.20842442972774,0.0741300000000011,2.54517942,3.69493572,0.0152099934000007,0.01319514,0.01452948,8.46564600000001,0.28347312,5.228,23.5396,22.0353,5.649309,-0.0111,0.3693,119.71,-138.2848,6.221,40.1645,51.5046,5.77566,0.0363,0.4713,204.32,6.9385
"27","20230328_FB","March","Fish Bay",1899-12-31 12:40:00,-64.76386,18.31399,5.69890255905512,33.8330931594488,30.5860970964567,5.69644231889764,0.0109327755905512,0.568577755905512,183.596660433071,6.01712047244095,0.0896973000000003,2.6516301,3.95446485,0.016990596,0.01527078,0.0367684799999999,37.739583,0.2705745,4.99,23.2975,22.2567,5.659019,-0.0207,0.495,94.418,-137.784,5.977,40.037,52.4448,5.797173,0.0377,0.6851,298.2,6.7615
"28","20230328_MB","March","Magens Bay",1899-12-31 13:49:00,-64.93443,18.37483,3.81741371016236,31.5445024052916,34.6835056524354,5.71741047925436,0.0455986169573061,1.58076187612748,337.151797955502,0.694247143716176,0.1452948,3.55586784,5.73143508000001,0.0233894975999997,0.03454458,0.33595716,132.32205,0.452193,3.165,18.9118,23.5477,5.661484,-0.0777,0.812,110.8,-163.0671,4.157,38.9919,68.3545,5.864948,0.2114,4.5665,1285.3,7.7809
"29","20230328_N_FB","March","Nemeth Fish Bay",1899-12-31 12:33:00,-64.76113,18.31525,6.45849975763451,33.7738033931168,30.4524604944256,5.67482965535628,-0.00666354823073194,0.409783713039263,171.34509936985,6.37702762966554,0.0800604000000004,2.53850772,3.76550748,0.0160165278000002,0.01527078,0.01868076,10.244766,0.2713158,5.683,23.6522,21.9415,5.636967,-0.0337,0.369,152.23,-144.9809,6.673,40.1524,51.0753,5.765832,0.0144,0.5212,256.76,7.1062
"30","20230328_RB","March","Reef Bay",1899-12-31 12:03:00,-64.7443,18.31877,6.14737608695652,33.8450678804348,30.3082336956522,5.6696720923913,0.00303244565217391,0.341171793478261,756.85252173913,6.00039516304348,0.0756126000000002,2.52553497,3.69337899,0.0156495843000002,0.00207564,0.00934038000000004,195.762504,0.25737936,5.37,23.3583,22.0567,5.634669,-0.0317,0.314,340.75,-140.4844,6.361,40.0355,51.9167,5.768623,0.0473,0.4614,1616.5,6.8226
"31","20230328_RBEO","March","Reef Bay East Outer",1899-12-31 11:49:00,-64.74147,18.31731,6.246337983513,34.1307956880152,29.8821941661382,5.6672283291059,0.00757729866835764,0.335523018389347,786.550830691186,6.36176594800254,0.0859908000000011,2.62509155999999,3.8332623,0.0159646367999995,0.01527078,0.00919211999999998,160.254234,0.27235362,5.453,24.9926,21.854,5.634697,-0.0317,0.3075,358.3,5.1024,6.445,40.2311,47.335,5.742266,0.0363,0.4848,1762.4,6.9641
"32","20230328_RBWI","March","Reef Bay West Inner",1899-12-31 12:15:00,-64.74886,18.31222,5.0582297008547,33.873315491453,30.3726379273504,5.6800551025641,-0.000600747863247863,0.378423076923077,142.697382478632,6.36816794871795,0.0719060999999997,2.57957574,3.85476,0.0161788725000005,0.0163086,0.01808772,3.13569900000001,0.28265769,4.255,25.0538,20.9965,5.637466,-0.022,0.3446,121.46,5.1221,5.252,41.0546,47.2933,5.755756,0.037,0.4614,206.19,7.0482
"33","20230328_RBWO","March","Reef Bay West Outer",1899-12-31 12:24:00,-64.75306,18.31688,5.45709364548495,33.632120735786,30.6335409364548,5.66970146488294,-0.00183130434782609,0.380010702341137,150.773391304348,6.33781565217391,0.0919211999999991,2.63976929999999,3.9755919,0.0165206118000008,0.01423296,0.014826,12.142494,0.28347312,4.668,24.24,21.9897,5.63214,-0.033,0.3446,121.25,4.9713,5.655,40.069,49.3648,5.753429,0.0363,0.4307,213.27,6.9795
"34","20230328_THC","March","Thatch Cay",1899-12-31 13:15:00,-64.85419,18.35648,2.18304849762783,33.2127074855034,31.4919743806009,5.69229677490775,0.00919325250395361,0.466393463363205,599.932166578809,6.4812561412757,0.0756126000000002,2.74162392,4.17470508,0.0190454795999995,0.0326172,0.0238698599999999,414.861132,0.309270360000001,1.84,23.2492,22.3664,5.648875,-0.3097,0.2578,131.3,-148.6471,2.839,39.856,52.4579,5.787345,0.3673,0.6988,2657.7,7.2249
"35","20230328_YP","March","Yawzi Point",1899-12-31 11:26:00,-64.72727,18.31567,4.50538826951042,33.9639839554047,30.0633362094038,5.66144706786234,0.0144485215705284,0.365577314590402,862.767862336403,6.41405264178381,0.0326172000000004,2.54176944,3.6983457,0.0156873906000003,0.01527078,0.014826,289.40352,0.26938842,3.627,23.9763,22.0583,5.625829,-0.0111,0.3386,336.06,-145.7829,4.626,39.9942,50.006,5.749435,0.059,0.4306,2851.5,7.1231
"36","20230329_BI","March","Buck Island",1899-12-31 11:22:00,-64.89708,18.27938,13.1086822384428,22.7995572262774,52.3484070072993,5.65482921459854,-0.0112515328467153,0.311183698296837,353.667357664234,-89.0783549391728,0.0741300000000011,1.53804924,4.67552736000001,0.0229669565999999,0.01527078,0.00948863999999994,52.4099099999999,5.8199463,12.356,17.5028,38.1642,5.586606,-0.0529,0.2774,225.28,-143.2891,13.321,28.4236,73.2477,5.774255,0.0253,0.6865,635.18,5.7983
"37","20230329_BP","March","Black Point",1899-12-31 13:18:00,-64.9861,18.34423,12.9831274362819,27.9137374874875,41.2221222388806,5.68726642692693,0.171900749625187,0.503414692653673,335.340624687656,-21.7000663663664,0.2045988,4.01999577,8.07305352,0.0276608681999989,0.01734642,0.02401812,29.6371739999999,0.583625490000001,12.371,18.5807,25.6286,5.58723,0.0789,0.3993,204.32,-151.8362,13.367,36.9781,68.5007,5.7995,3.9304,5.4139,512.06,7.0322
"38","20230329_CC","March","Cow and Calf",1899-12-31 10:41:00,-64.84618,18.30497,3.87307739620707,22.9299096360841,52.3450119425935,5.67144747514095,-0.015244387493593,0.314311532547412,102.083789851358,-91.496808764736,0.0533736,1.89135282,5.74907802000001,0.0272220186000008,0.01734642,0.01749468,4.981536,7.69706615999999,3.044,18.1323,33.1511,5.586185,-0.0653,0.2837,84.693,-148.3445,4.039,31.3574,69.9745,5.777036,0.0707,0.4255,115.41,6.397
"39","20230329_Dock","March","Dock Soak",1899-12-31 09:06:00,NA,NA,1.60326818498722,34.8312153685189,28.8162257614508,5.65271057006739,0.0654201860465116,0.657401045782013,446.552867096699,5.60534431527552,0.0311346000000002,0.839151599999993,0.0195703200000018,0.0177274481999997,0.01719816,0.08109822,289.299738,0.40059852,0.965,23.209,21.4651,5.600011,-0.513,-0.3254,0.10549,-137.5556,1.944,40.3723,51.8662,5.804085,1.433,6.7139,2587.3,8.0124
"40","20230329_FC","March","Flat Cay",1899-12-31 12:22:00,-64.9874,18.31707,5.64972717271727,28.3280734873487,40.2178349834983,5.67044461551155,0.00389484593837535,0.328331482509717,781.125847084708,-8.92953151815182,0.0770951999999994,3.89367825,8.51205138,0.0288654807,0.01527078,0.00963690000000001,214.813914,0.63240303,4.879,18.2071,26.3798,5.60436,-0.055,0.296,344.53,-147.1457,5.847,36.3605,70.3246,5.794842,0.4023,0.4038,2216.6,6.8154
"41","20230329_FCA","March","Flat Cay Acropora",1899-12-31 12:29:00,-64.99095,18.31849,13.458911955978,36.3745207603802,26.4079234617309,5.64494127113557,0.135285015136226,0.380978789394697,355.487028514257,6.71564607303652,0.0711648000000001,0.00163086000000147,0.00296519999999836,0.000555975000000021,0.01734642,0.01645686,38.5476,0.0149742600000007,12.656,36.1134,26.3992,5.608522,0.0665,0.3145,262.78,6.6653,13.632,36.3945,26.4206,5.648757,1.3938,1.7142,501.64,6.7642
"42","20230329_RR","March","Ruperts Rock",1899-12-31 11:50:00,-64.92664,18.32681,5.81744915824916,27.4682024242424,42.1569724579125,5.72080262289562,0.0481514478114478,0.482151178451178,164.599831649832,-13.9141216161616,0.0489258000000005,3.30560496,7.07007462,0.0279218057999998,0.0163086,0.01601208,10.333722,0.511793519999999,4.97,19.9394,26.0011,5.657608,0.002,0.4485,139.72,-145.1156,5.96,36.7939,63.7619,5.829597,0.0816,0.6005,190.89,6.7485
"43","20230329_SB","March","Saba",1899-12-31 12:42:00,-64.99614,18.30627,9.17479871794872,29.6841606410256,36.9741876923077,5.65996997820513,-0.0158058333333333,0.29529608974359,146.935826923077,4.81784628205128,0.107488499999997,2.6034456,4.87723509,0.021008442,0.0163086,0.0118608,10.904523,0.35167272,8.405,22.1385,24.5493,5.60326,-0.066,0.2715,124.63,-144.5396,9.4,37.66,55.1333,5.742817,0.425,0.3759,195.11,6.8609
"44","20230329_SH","March","Seahorse",1899-12-31 11:02:00,-64.86857,18.29458,15.0685279017857,32.9044040736607,31.5538561941964,5.65115221316964,0.00517243303571429,0.295025837053571,348.084927455357,6.33969486607143,0.170498999999998,2.66200829999999,4.14290331,0.0178860864000001,0.00103782,0.00874734000000002,78.87432,0.296297610000001,14.552,23.9102,22.1185,5.610641,-0.0117,0.2777,215.03,4.9912,15.543,39.7757,49.9992,5.734995,0.026,0.3647,681.78,7.0333
"45","20230417_CB","April","Coral Bay",1899-12-31 09:44:00,-64.704,18.33804,8.90428273809524,36.0337860119048,27.2255639880952,5.68620635416667,0.233188988095238,0.733041071428571,286.194226190476,6.10219492537313,0.1097124,0.00296519999999836,0.00808017000000224,0.000968879099999796,0.0163086,0.0189031500000001,18.132198,0.0275763599999989,8.105,36.027,27.2119,5.684374,0.1956,0.5492,126.5,6.0645,9.098,36.0425,27.2529,5.689853,0.3082,0.8012,337.59,6.1588
"46","20230417_CC","April","Cow and Calf",1899-12-31 12:08:00,-64.84576,18.30474,2.41633664772727,35.5999903409091,27.3996073863636,5.64383773082386,0.0454544744318182,0.311990411931818,1150.15148277699,6.89564943181818,0.029652,0.00222390000000008,0.00177912000000112,0.000156414300000136,0.0355824,0.0266867999999999,688.29705,0.0212753099999998,1.546,34.305,27.3942,5.462374,-0.4141,-0.315,0.10551,6.7435,2.545,35.6116,27.4129,5.644895,0.1764,0.5393,4869,7.7399
"47","20230417_Dock","April","Dock Soak",1899-12-31 08:27:00,NA,NA,1.19562489486964,35.4394281328848,27.0021404541632,5.57860230361648,0.07691543313709,5.01854419680404,115.725276501262,5.4926082842725,0.0133434000000002,0.00252041999999939,0.00207564000000043,0.00051372090000004,0.0163086,0.63447867,19.9683981,0.0521875200000002,0.301,7.4557,26.9028,1.348265,-0.4114,-0.3574,0.10652,3.7958,1.3,35.514,27.0324,5.591539,1.7681,24.5193,331.65,8.792
"48","20230417_EB","April","Europa Bay",1899-12-31 10:37:00,-64.73113,18.316,4.40004815229563,35.9988709966405,27.1993212765957,5.67828676035834,0.00383583426651736,0.366403695408735,785.745610302352,6.96025437219731,0.0622691999999997,0.00148259999999654,0.0112677599999948,0.00125576220000039,0.0163086,0.01764294,268.261644,0.140624609999999,3.739,35.9888,27.1745,5.675463,-0.0989,0.0991,296.72,6.6318,4.738,36.0068,27.2217,5.680742,0.0919,0.4613,2388.6,7.1753
"49","20230417_FB","April","Fish Bay",1899-12-31 11:45:00,-64.76422,18.31426,5.46664285714286,35.9312471374046,27.2126424213537,5.67031403241182,0.191947619047619,0.556476,240.081236415634,6.82320983763133,0.0763538999999985,0.00518910000000371,0.0106747199999962,0.00177763740000091,0.01719816,0.04507104,34.663188,0.13106184,4.654,35.9127,27.1956,5.666685,-0.0571,0.3325,51.593,6.5402,5.652,35.9459,27.2415,5.673987,5.8653,4.9618,1331.5,7.0161
"50","20230417_FCA","April","Flat Cay Acropora",1899-12-31 13:14:00,-64.98843,18.31718,3.65776182336182,35.4762835233751,27.206451965812,5.60584576396807,0.0430135042735043,0.322707122507123,1056.24344729345,6.72678774230331,0.0355824,0.000444779999993696,0.00444780000000017,0.000485551500000053,0.0192738,0.01764294,417.05538,0.0178653299999998,2.774,35.4723,27.1939,5.604533,-0.033,0.259,119.58,6.6676,3.763,35.4792,27.2159,5.606929,0.2149,0.4379,4117.7,6.7622
"51","20230417_N_FB","April","Nemeth Fish Bay",1899-12-31 11:35:00,-64.761,18.31572,5.46823801220575,35.9386197035745,27.148691717524,5.66443664341761,0.0322006102877071,0.477894856146469,814.880343853531,6.96722096069869,0.0845081999999992,0.00118607999999724,0.0197185800000014,0.0021008442,0.01734642,0.03573066,244.317654,0.0876216599999999,4.664,35.9302,27.125,5.661383,-0.0104,0.3874,7.3744,6.628,5.657,35.9433,27.1752,5.667446,0.1901,1.8971,1890.5,7.1029
"52","20230417_RB","April","Reef Bay",1899-12-31 11:05:00,-64.774,18.319,1.70169343986543,35.8958569386039,27.1497192178301,5.65840611522288,-0.00415630782169891,0.338423591253154,244.174684608915,6.21095525651808,0.3573066,0.00252041999999939,0.0112677600000001,0.00470428979999981,0.00207564,0.00948864000000002,27.746859,0.0804310500000002,1.179,35.7275,27.1059,5.634859,-0.2294,0.246,144.74,4.3335,2.171,35.9462,27.183,5.668327,0.0597,0.3821,2752,7.7439
"53","20230417_RBEO","April","Reef Bay East Outer",1899-12-31 10:50:00,-64.74,18.317,5.68170193637621,35.9401445366528,27.0494206085754,5.65393936307054,0.0162530428769018,0.345232226832642,662.523914246196,6.5637846473029,0.0578213999999996,0.000593039999998618,0.00489257999999913,0.00056116409999943,0.0163086,0.00993341999999998,222.627216,0.0423282300000001,4.825,35.9301,27.035,5.652336,-0.0097,0.3143,295.63,6.4402,5.813,35.9543,27.0841,5.657946,0.0576,0.4372,1893.8,6.6909
"54","20230417_RBWI","April","Reef Bay West Inner",1899-12-31 11:15:00,-64.74904,18.32111,5.4556644295302,35.9390061012813,27.0847245271507,5.65758224405125,0.0159032946918853,0.333837400854179,1006.04219646126,6.41015051860891,0.0548561999999999,0.000593040000009152,0.00593040000000198,0.000681996000000517,0.0163086,0.01601208,207.830868,0.0136399199999998,4.639,35.935,27.0741,5.656444,-0.044,0.29,402.49,6.3615,5.636,35.9436,27.1032,5.659613,0.0583,0.3758,1945.3,6.4497
"55","20230417_RBWO","April","Reef Bay West Outer",1899-12-31 11:24:00,-64.75356,18.31719,5.01977528089888,35.9401185393258,27.1984983146067,5.67000711235955,0.114824571428571,0.741498285714286,640.265973595506,6.91938595505618,0.126021,0.00103781999999231,0.00867320999999295,0.000891042600000109,0.04788798,0.04255062,215.86656,0.0338774100000001,4.298,35.9372,27.1798,5.668037,0.0013,0.3504,1.9033,6.7888,5.296,35.9455,27.2098,5.671268,0.9324,4.1511,1838.8,6.9734
"56","20230417_YP","April","Yawzi Point",1899-12-31 10:18:00,-64.7268,18.3156,7.82128115799804,35.9980377025037,27.058597252208,5.66309877172312,0.0511615799803729,0.480039941118744,456.842134445535,6.64125085910653,0.126021,0.00889560000000034,0.014529480000003,0.00219424800000121,0.01734642,0.05063079,185.510325,0.0765021599999995,7.017,35.975,27.0167,5.657224,0.0013,0.3567,195.62,6.4613,8.01,36.0149,27.1162,5.668896,0.1043,0.8037,881.79,6.836
"57","20230418_BI","April","Buck Island",1899-12-31 10:45:00,-64.89813,18.27876,3.35601593406593,35.4114958791209,27.074337032967,5.58266066263736,-0.00767332224070993,0.296821648351648,92.9334214285714,6.61784752475248,0.0207563999999997,0.00222390000000008,0.0137881799999995,0.00172722899999979,0.01527078,0.00934038000000004,7.05272819999999,0.0154190399999996,2.48,35.3474,27.0535,5.5744,-0.0433,0.2769,62.059,6.5549,3.476,35.4257,27.14,5.590395,0.0137,0.4849,103.86,6.688
"58","20230418_BP","April","Black Point",1899-12-31 12:52:00,-64.9863,18.34448,3.65899201065246,35.4414705725699,27.5773050155348,5.64058488592987,0.0300090102086107,0.382997425654683,1100.90550821127,6.78773537505548,0.0385475999999997,0.00148259999999654,0.0683478599999987,0.0072395357999993,0.01527078,0.0177912,264.896142,0.0206081400000007,2.777,35.427,27.4965,5.631984,-1e-04,0.3391,478.61,6.7322,3.774,35.4657,27.6953,5.652831,0.0707,0.5634,3455.3,6.8892
"59","20230418_Dock","April","Dock Soak",1899-12-31 09:00:00,NA,NA,1.32660452261307,35.5007644723618,27.1651860301508,5.60476732462312,0.0446201005025126,0.449213165829146,165.424634170854,5.64434532663317,0.0904385999999999,0.0114160199999997,0.0198668399999958,0.003761356200001,0.0163086,0.01897728,22.061088,0.18006177,0.513,35.373,27.1186,5.587461,0.002,0.4063,87.035,3.6428,1.513,35.7009,27.2235,5.635073,0.151,0.558,625.49,7.4316
"60","20230418_FCT","April","Flat Cay",1899-12-31 09:46:00,-64.99145,18.31829,4.43145962113659,35.4492469092722,27.150999551346,5.596168666999,0.0530099202392822,0.322547906281157,734.369317048853,6.6115408773679,0.0415127999999994,0.000444780000004231,0.00652343999999796,0.000632328900000818,0.01527078,0.00934037999999996,291.078858,0.0173464199999991,3.555,35.4476,27.1374,5.594878,0.0123,0.2958,234.23,6.5549,4.541,35.4542,27.1661,5.597615,0.1139,0.4066,2263.2,6.6488
"61","20230418_MB","April","Magens Bay",1899-12-31 12:12:00,-64.93478,18.37445,3.45450579150579,35.9245632239382,27.2335274131274,5.67154647393822,0.0171655405405405,0.391364768339768,132.693758204633,6.68423972007722,0.0163085999999995,0.00177911999999585,0.0120090599999983,0.00120312989999962,0.0163086,0.01838424,12.772599,0.0339515400000012,2.531,35.9181,27.2101,5.668744,-0.0104,0.3383,98.299,6.591,3.529,35.9321,27.2541,5.673812,0.048,0.5082,158.18,6.7616
"62","20230418_RR_x","April","Ruperts Rock",1899-12-31 10:18:00,-64.92597,18.32743,2.46609972489684,35.4707181568088,27.5506645804677,5.64181234731774,0.0445234525447043,0.475397935306263,137.717339277854,5.84869264099037,0.2090466,0.00370649999999663,0.0204598799999997,0.00334696949999971,0.01719816,0.02772462,15.8467701,0.17932047,1.979,35.2944,27.4786,5.615947,-0.513,0.3987,0.10531,4.0633,2.975,35.5537,27.606,5.658428,0.1551,0.841,756.79,6.6182
"63","20230418_RR","April","Ruperts Rock",1899-12-31 10:22:00,-64.92597,18.32743,1.70230035335689,35.5069692579505,27.5450802120141,5.64629622438163,0.0781634275618375,0.479632862190813,414.805300353357,5.2372464664311,0.0415128,0.0308380800000071,0.00533736000000336,0.00459680129999993,0.03157938,0.03180177,53.217927,0.37339281,0.879,35.4108,27.4983,5.633583,-0.1525,0.1721,188.75,4.6487,1.859,35.5601,27.5535,5.654442,0.5939,1.6867,2534.6,7.6743
"64","20230418_SB","April","Saba",1899-12-31 09:25:00,-65.00353,18.30439,5.11654080267559,35.5527114123159,27.0760489632107,5.60266957228916,0.0677069899665552,0.313806220735786,501.049809364548,6.57058266398929,0.170499,0.0048925800000044,0.00756126000000345,0.00027205709999984,0.0163086,0.00963690000000001,158.052573,0.0166051199999995,4.442,35.5392,27.0641,5.601536,0.0219,0.2777,161.26,6.5139,5.441,35.5593,27.0994,5.603372,0.127,0.3883,1410.1,6.6122
"65","20230418_SH","April","Seahorse",1899-12-31 11:07:00,-64.86773,18.29416,3.36032128184059,35.4709467543139,27.2534653245686,5.61010710353328,0.00555562859490551,0.297108299096138,84.2761906327034,6.64984470008217,0.0800603999999997,0.00163086000000147,0.00637518000000094,0.000712389300001474,0.00311346,0.00919211999999998,6.6427893,0.0149001299999995,2.625,35.4563,27.2427,5.607622,-0.0227,0.2711,64.052,5.735,3.609,35.4773,27.2713,5.612047,0.0363,0.3636,107.1,6.6966
"66","20230418_THC","April","Thatch Cay",1899-12-31 11:40:00,-64.85466,18.35662,1.97189330922242,36.0218063652803,27.4106327305606,5.70427627450271,0.0221059674502712,0.459639710669078,1222.14075840868,6.47759160332971,0.108229800000001,0.00711648000000448,0.0882146999999998,0.0112603470000004,0.0326172,0.07027524,589.77828,0.5789553,1.498,35.9629,27.184,5.680548,-0.3406,0.3198,10.887,4.7456,2.488,36.0456,27.5333,5.71769,0.2018,0.8294,5756.2,7.3909
"67","20220914_Test",NA,NA,NA,NA,NA,24.7561267605634,33.3617570422535,32.3075633802817,5.80444317605634,0.610762676056338,0.970768309859155,50.1518873239437,5.94608028169014,0.292813500000002,2.44369544999999,3.84986742,0.0177904586999999,0.03054156,0.02653854,2.81694,0.25337634,24.294,24.8618,25.2687,5.775798,0.5609,0.9137,44.751,4.7495,25.288,38.2682,49.3484,5.884552,0.6735,1.0648,54.663,6.3963
"68","20220927_BadCast","September","Cow and Calf??",1899-12-31 11:00:00,-64.84618,18.30475,0.983423945044161,33.7264251727542,29.8960697536946,5.63006974827925,-0.010233660451423,0.311909617271835,1182.11187100098,4.34691855873643,0.0607865999999999,0.159676020000002,0.231878640000002,0.00320241599999991,0.13135836,0.04507104,534.92208,0.22268652,0.16,21.0715,29.0602,5.580977,-0.4141,-0.315,0.10551,-137.6447,1.16,34.2437,58.9035,5.76938,0.5094,0.5896,4605.4,7.448
"69","20220927_BP","September","Black Point",1899-12-31 13:12:00,-64.98604,18.34451,3.99523640026864,33.7668015446608,29.553855809268,5.60671073069174,0.0387208865010074,0.327578038952317,809.13875083949,5.46351867024849,0.1571556,0.169757699999999,0.211863540000001,0.0174338934000008,0.01616034,0.0177912,359.352588,1.53063624,3.21,33.2409,29.0138,5.585903,6e-04,0.2944,278.24,4.0844,4.2,34.2113,30.4141,5.623567,0.0693,0.3751,2201.8,6.5194
"70","20220927_Dock","September","Dock soak",1899-12-31 08:16:00,NA,NA,1.16814220877458,32.4313918305598,32.2763450075643,5.65371596369138,0.0790021936459909,0.393879425113464,94.292947806354,4.31495234493192,0.0570801,2.61197055,4.13252511,0.0328825853999999,0.01616034,0.0177912,19.7949339,1.57237143,0.736,21.8274,24.6006,4.046258,0.0459,0.3633,44.868,2.4068,1.727,37.7841,48.9021,5.762825,0.1153,0.4966,814.25,7.1627
"71","20220927_FCA","September","Flat Cay Acropora",1899-12-31 09:41:00,-64.98806,18.31694,1.86677947794779,30.5165479747975,35.0188746174617,5.6110716669667,0.00788532853285328,0.383033483348335,141.229618361836,4.59129558955896,0.0637518000000002,2.9244285,5.17041924,0.0200136174000006,0.01527078,0.01008168,10.15581,0.760722059999999,1.169,22.2695,24.4089,5.565844,-0.0323,0.2896,68.13,-121.2624,2.168,37.4841,54.0645,5.691152,0.4641,10.7935,173.62,6.8841
"72","20220927_FCT","September","Flat Cay",1899-12-31 09:22:00,-64.99121,18.31818,2.75713131935882,33.7179413729128,29.6669426716141,5.61087098273736,0.0482936498150432,0.346337669543773,94.9825789149199,5.4597961038961,0.0770952000000001,0.226096500000005,0.318017700000002,0.0133752758999997,0.01734642,0.01638273,4.81993259999999,0.13966092,1.981,30.1732,28.6882,5.588969,0.0013,0.3145,82.753,3.9619,2.972,34.3262,35.6166,5.647592,0.0913,0.7721,112.32,6.3393
"73","20220927_MB","September","Magens Bay",1899-12-31 12:19:00,-64.93473,18.3743,3.48983774338492,34.4667994984955,29.6334549147442,5.71817542636046,0.117459111333,0.588683025461807,193.610878681977,5.87659408224674,0.0800604000000004,0.174131370000002,0.234695580000001,0.00340108440000003,0.0163086,0.02713158,13.106184,0.0613796399999992,2.65,33.771,29.0641,5.654129,0.0775,0.5378,148.71,4.2735,3.639,34.907,30.5675,5.730226,0.1558,0.8213,228.97,6.6136
"74","20220927_RR","September","Ruperts Rock",1899-12-31 10:17:00,-64.92604,18.32703,5.83397926949655,31.0747843040474,34.5591799605133,5.66343769200395,0.155509279368213,0.431694373149062,216.765449160908,4.62395468904245,0.0593040000000001,2.66675262,4.50324924,0.0223472298000002,0.01527078,0.02609376,11.060196,0.508235279999999,5.019,22.8622,25.6431,5.608735,0.1331,0.3993,153.13,-108.432,6.015,37.0389,53.0725,5.749151,0.1874,0.5266,298.91,6.8412
"75","20220927_SB","September","Saba",1899-12-31 08:59:00,-64.5542,18.30555,1.95283795881826,33.6403106019766,29.745613836478,5.6076003312444,-0.000439801444043322,0.305723187108326,840.438567591764,5.42064959568733,0.0815430000000002,0.19703754000001,0.294147839999999,0.00186511079999997,0.03350676,0.02357334,289.166304,0.46123686,1.168,31.1152,28.9686,5.602882,-0.1422,0.2344,230.26,4.6687,2.161,34.1635,33.8151,5.627171,0.127,0.4902,2631.9,6.2664
"76","20220927_THC_BadCast","September","Thatch Cay",1899-12-31 11:41:00,-64.8535,18.35635,3.46244336384439,33.9949837543054,29.5637306192661,5.64134580469645,0.0589203661327231,0.404273684210526,1115.7091819222,5.52033691159587,0.0726473999999999,0.176800050000001,0.225651720000001,0.00533661869999931,0.0326172,0.02631615,432.69681,0.09236598,2.607,32.2363,28.9522,5.619473,-0.0454,0.3386,338.54,3.6882,3.603,34.4702,32.1702,5.655962,0.1476,0.5021,3033.6,6.426
"77","20220928_BI","September","Buck Island",1899-12-31 13:28:00,-64.89777,18.27904,2.2511048298573,29.3169605927552,37.152086388584,5.60682636333699,-0.00237969264544457,0.290080616740088,79.0305609220637,2.55086816684962,0.0415128,2.93732712,5.53373037,0.0222256566000003,0.01527078,0.00889560000000001,3.2735808,1.16473056,1.776,21.1156,25.4325,5.558689,-0.0323,0.2587,59.816,-181.8438,2.749,36.594,57.791,5.698611,0.6289,1.7263,99.562,8.4488
"78","20220928_CB","September","Coral Bay",1899-12-31 10:39:00,64.70454,18.33876,4.63878340200118,30.4112538552089,36.2752658034138,5.71672962860506,0.322161977633902,0.530885285462037,437.57001177163,4.3310746909947,0.0948864000000001,2.72902182,4.833276,0.0214458090000006,0.0163086,0.02698332,63.559062,0.88941174,3.862,22.7734,24.9561,5.668016,0.2856,0.4644,294.67,-119.9709,4.861,37.7752,53.976,5.80411,0.3659,0.6544,925.22,6.5007
"79","20220928_FB","September","Fish Bay",1899-12-31 11:45:00,-64.7673,18.3143,2.7063231441048,29.5083106051154,37.1338935745477,5.64212598939488,0.0229316281971304,0.431896381784155,659.43670617592,3.55013006862134,0.126021,2.7509643,5.20600163999999,0.0200047217999993,0.03143112,0.0286141800000001,459.353958,1.01691534,1.997,20.886,26.6532,5.59896,-0.1752,0.3194,176.57,-177.8333,2.996,35.8973,59.1249,5.739897,0.127,0.8896,3062.7,8.004
"80","20220928_RB","September","Reef Bay",1899-12-31 11:27:00,-64.74488,18.3195,2.52774610005379,30.0438100591716,36.1231290478752,5.63674410812265,0.00781204948897257,0.321353039268424,1109.68401291017,4.37285664335664,0.0815430000000002,2.76104598,4.89080088,0.0205191840000001,0.01616034,0.0102299399999999,443.430834,1.0704372,2.195,21.4283,25.9168,5.58116,-0.0962,0.1982,316.84,-166.489,3.192,36.507,57.2421,5.733546,0.6433,5.0369,4680.9,7.8907
"81","20220928_SH","September","Seahorse",1899-12-31 13:02:00,-64.86753,18.29414,3.91768759894459,30.2217597889182,35.8685988390501,5.64443258733509,0.0191759366754617,0.333441477572559,168.427816886544,4.10827741424802,0.1423296,2.66808696,4.75795991999999,0.0223739165999999,0.0163086,0.01734642,41.927928,0.84018942,3.251,21.8836,25.4223,5.597702,-0.0523,0.2896,77.851,-191.8612,4.241,36.8201,55.8463,5.745026,0.0604,0.4183,1088.8,8.5542
"82","20221024_BI","October","Buck Island",1899-12-31 10:45:00,-64.89833,18.27883,4.5667637031209,29.7334722193075,35.4367750327826,5.52418177151102,0.0165244689221086,0.295635405192762,541.525137686861,4.92837287513116,0.146777399999999,2.64540318,4.66322178,0.0198186554999996,0.0163086,0.00874733999999994,252.175434,0.44463174,3.8,21.0171,25.138,5.451194,-0.022,0.2772,157.8,-142.8483,4.794,36.2301,56.7759,5.620678,0.0803,0.4185,2548.3,6.7722
"83","20221024_BP","October","Black Point",1899-12-31 13:55:00,-64.98557,18.3443,4.34535942492013,28.2903365282215,38.3853634185304,5.54247309744409,0.161903620873269,0.396262779552716,496.929536741214,0.750149041533546,0.0400302000000002,2.7843228,5.46679098,0.0219395147999998,0.03157938,0.02676093,91.802592,0.94426794,3.571,20.4011,25.8878,5.483894,0.0775,0.3505,175.96,-139.7039,4.57,35.6111,59.0767,5.635065,0.2203,0.449,852.87,6.5264
"84","20221024_CC","October","Cow and Calf",1899-12-31 12:05:00,-64.84595,18.30464,3.71715138282387,33.2370127458121,29.3813480699199,5.51092784279476,0.00937766423357664,0.30319461426492,893.140138282387,5.68995994173343,0.0585627000000005,0.0551527199999979,0.0118607999999987,0.00649897709999981,0.00192738,0.00919212000000006,327.091212,0.990228539999999,2.914,33.1594,29.337,5.50098,-0.031,0.2782,204.45,4.6684,3.91,33.2822,29.4029,5.517831,0.0487,0.3899,3024.4,6.5779
"85","20221024_FCA","October","Flat Cay Acropora",1899-12-31 09:52:00,-64.98845,18.31681,3.1508015936255,29.3163667729084,36.204813625498,5.5249144438247,0.0207519521912351,0.319131235059761,419.586581673307,4.1033564940239,0.0770952000000001,2.88499134,5.31823446000001,0.023949920399999,0.0163086,0.0177911999999999,232.530984,0.92647674,2.347,21.4023,25.9649,5.469739,-0.009,0.2834,123.15,-121.3218,3.343,35.7826,55.5919,5.604906,0.0597,0.394,1860.4,6.7804
"86","20221024_FCT","October","Flat Cay",1899-12-31 09:33:00,-64.9912,18.31821,3.07895691906005,30.3455074880279,34.3481468233246,5.52458590944711,0.0622689730200174,0.301938568935428,72.0922167101828,5.23291118850675,0.0815430000000002,2.58950916,4.44742935,0.0183115925999997,0.0163086,0.00741300000000001,3.1149426,0.70393848,2.225,21.8496,25.2827,5.468544,0.0233,0.277,63.417,-141.6144,3.224,36.219,54.0836,5.614935,0.1036,0.4369,79.659,7.6028
"87","20221024_MB","October","Magens Bay",1899-12-31 13:03:00,-64.9345,18.37431,7.02530368763558,29.4373355206074,37.3159662689805,5.64596577874187,0.174498861171367,1.22646616052061,220.552245119306,3.1015590021692,0.0340998000000009,2.82746646,5.20652055,0.024277575,0.03054156,0.0926625,6.627222,0.653085299999999,6.163,21.6986,26.5387,5.572874,0.0892,0.4417,124.82,-141.7274,7.161,36.0405,55.8992,5.74279,0.2416,1.9112,905.79,6.5621
"88","20221024_RR","October","Ruperts Rock",1899-12-31 10:22:00,-64.92597,18.32707,3.29914790996785,28.5320731189711,37.6356364630225,5.52031308617363,0.0858689389067524,0.411188167202572,170.70852733119,2.82079099678457,0.0637518000000002,2.80745136,5.37827976,0.0278180237999998,0.0163086,0.01022994,5.1891,1.53182232,2.428,20.2349,26.5382,5.448122,0.0562,0.3747,144.87,-136.0584,3.426,35.2411,59.2859,5.626177,0.1256,0.5263,184.51,6.354
"89","20221025_CB","October","Coral Bay",1899-12-31 11:29:00,-64.70416,18.33801,2.82046675531915,33.1289728723404,29.8724982712766,5.54494699601064,0.130667021276596,0.38114414893617,317.822513297872,5.4036625,0.0815429999999996,0.0187548900000011,0.0243146400000013,0.00212456580000068,0.0163086,0.02550072,45.619602,0.28881048,2.025,33.0826,29.8438,5.540147,0.0899,0.3325,229.66,4.6393,3.01,33.1609,29.9007,5.549108,0.1544,0.6555,723.14,8.6388
"90","20221025_FB","October","Fish Bay",1899-12-31 12:12:00,-64.76429,18.31408,4.09270870113493,33.2244406190777,29.5015974731522,5.52133624464061,0.0672365069356873,0.337007313997478,202.873985498108,5.50892596336071,0.0578213999999996,0.0268350600000059,0.00652343999999533,0.00492149069999988,0.0163086,0.0163827299999999,13.0335366,0.93492756,3.269,33.1666,29.4383,5.512815,-1e-04,0.2955,89.598,4.3091,4.266,33.256,29.5219,5.52666,0.2094,0.3939,1161.9,8.8748
"91","20221025_RB","October","Reef Bay",1899-12-31 11:54:00,-64.74412,18.31934,2.13544847192608,29.8802304843305,35.3247260838664,5.54066338176638,0.0482204690831557,0.334235323383085,165.325773987207,4.76406047008547,0.1868076,2.5522959,4.5345321,0.0177207764999994,0.01734642,0.00948863999999994,11.831148,0.984965310000001,1.518,22.6609,24.6998,5.499125,0.0123,0.3138,60.611,-139.4013,2.51,36.7201,51.8632,5.615633,0.0919,0.3573,2548.3,7.5566
"92","20221025_YP","October","Yawzi Point",1899-12-31 10:50:00,-64.72688,18.31515,3.84408549222798,30.8838996761658,33.6425470207254,5.54102436917098,0.101019883419689,0.383919235751295,500.895194300518,4.6531417746114,0.0474432,2.62931697,4.49264865000001,0.0291427268999993,0.0163086,0.01734642,157.563315,1.5189237,2.994,21.8724,25.0437,5.489182,-0.1855,0.3505,203.61,-133.1005,3.98,36.3187,54.7165,5.64922,0.1476,0.4838,1843.6,9.6779
"93","20221129_BP","November","Black Point",1899-12-31 12:56:00,-64.98577,18.34419,4.99741952983725,33.912718384569,28.1159975286317,5.47953167631103,0.0693200723327306,0.376467811934901,189.388601567209,5.75557769740808,0.0296519999999994,0.00296519999999309,0.0114160199999997,0.00205784879999926,0.0163086,0.0185324999999999,23.084082,0.0810982199999993,4.142,33.7684,28.0633,5.455973,0.0446,0.3392,132.42,4.1705,5.13,33.9966,28.1429,5.492578,0.1256,0.4374,476.44,6.7563
"94","20221129_FCT","November","Flat Cay",1899-12-31 09:35:00,-64.99686,18.31808,2.92026152197213,33.8697922293676,28.0121847266881,5.46157090836013,0.0867423901393355,0.335606591639871,74.2344919614148,5.59912015005359,0.0504083999999997,0.0163827300000013,0.0121573200000033,0.00391480530000007,0.0163086,0.0170499,3.1179078,0.0815429999999996,2.149,25.787,27.3715,5.42181,0.0459,0.2956,60.245,4.0061,3.14,34.4519,43.1764,5.547695,0.1242,0.6628,83.347,6.4749
"95","20221129_RR","November","Ruperts Rock",1899-12-31 12:26:00,-64.9254,18.3273,4.22624333151878,33.8453162221013,27.9639414262384,5.45416143331519,0.107722101252041,0.449040391943386,238.754164398476,5.97366935220468,0.0815429999999996,0.00192738000000078,0.0154190400000009,0.00181915019999882,0.0133434,0.01793946,50.527008,0.0578214000000009,3.443,33.7484,27.8988,5.442623,0.0459,0.4115,150.17,4.0167,4.441,33.881,28.0042,5.460746,0.1476,0.5939,491.96,6.8484
"96","20221129_SB","November","Saba",1899-12-31 09:15:00,-64.99686,18.30603,1.55585159235669,25.0724773248408,45.2892102547771,5.5113395522293,0.0533893630573248,0.329034585987261,71.8637592356688,-32.2766913375796,0.0563388,3.55260612000001,8.79619167,0.0337632497999999,0.01527078,0.00993341999999998,6.3410802,1.44879672,0.776,17.4998,27.9177,5.408127,0.0137,0.2952,45.248,-172.2658,1.773,33.6977,70.5261,5.608337,0.0913,0.4722,110.95,7.9498
"97","20221130_CB","November","Coral Bay",1899-12-31 10:07:00,-64.70439,18.33779,3.70529048207664,33.8439618046972,27.9476477956325,5.4522678500206,0.166676390605686,0.483293160280181,102.123521631644,5.67184590028842,0.1319514,0.0185324999999937,0.0604900800000012,0.00595560419999892,0.01719816,0.02698332,12.5072136,0.17894982,2.941,33.7249,27.8718,5.441958,0.1228,0.418,69.546,3.9398,3.939,33.9132,28.076,5.472867,0.2643,0.7612,368.37,6.6493
"98","20221130_FB","November","Fish Bay",1899-12-31 11:13:00,-64.76439,18.31411,4.04475230414747,33.4212128323699,28.2371111560694,5.42109015495392,0.0104163594470046,0.474373732718894,167.665368663594,5.96502086705202,0.0741299999999997,0.186511080000002,0.227801489999998,0.00577620959999952,0.01578969,0.0628622399999999,10.363374,0.18465783,3.243,31.3404,27.7309,5.388964,-0.0227,0.3925,131.45,4.4137,4.234,33.8266,31.3134,5.43767,0.0356,0.581,202.16,6.877
"99","20221130_MB","November","Magens Bay",1899-12-31 12:44:00,-64.93439,18.37419,3.43337314956611,34.4038768323936,28.7521808303434,5.61638776161307,0.110953905053599,0.489165186319551,99.3560689127106,5.60996632496156,0.0207563999999997,0.171388560000001,0.209343120000002,0.00532846439999949,0.0163086,0.04699842,5.693184,0.11845974,2.547,32.8689,28.252,5.596004,0.0672,0.4054,70.547,3.4871,3.534,34.7959,31.1056,5.631344,0.1544,0.7181,111.77,8.1256
"100","20221130_RB","November","Reef Bay",1899-12-31 10:55:00,-64.74497,18.31859,2.95344110718492,33.3418545346769,28.2271043067847,5.40856411301775,0.0184172555948174,0.325559069493522,678.6204204947,5.63347486662715,0.0429953999999999,0.197778840000003,0.231582120000003,0.00616539209999993,0.01319514,0.00948864000000002,770.017962,0.2609376,2.141,31.7794,27.7091,5.38038,-0.0097,0.2951,98.107,4.0342,3.132,33.8038,30.8144,5.436188,0.0583,0.485,2570.5,7.8182
"101","20221130_YP","November","Yawzi Point",1899-12-31 10:38:00,-64.27234,18.31548,3.22521508379888,33.3693836753731,28.1859961753731,5.40831661638734,0.0398152234636871,0.333400418994413,287.77636405959,5.78245634328358,0.0252041999999999,0.206081399999999,0.2349921,0.00285029850000073,0.0163086,0.01008168,46.316424,0.06241746,2.329,31.5587,27.512,5.372688,-0.0111,0.2638,106.75,3.9405,3.324,33.8169,30.78,5.434695,0.1016,0.5697,1468,6.6245
